{
    "csdu": [
        {}
    ],
    "crassiers": [
        {
            "nom": "Vitrolles",
            "pos": [
                43.440891,
                5.299717
            ],
            "radius" : 350
        },
        {
            "nom" : "Gardanne",
            "pos" : [
                43.465515,
                5.435686
            ],
            "radius" : 600
        },
        {
            "nom" : "Aygalades",
            "pos" : [
                43.340556,
                5.364444
            ],
            "radius" : 200
        },
        {
            "nom" : "La barasse",
            "pos" : [
                43.272849,
                5.480874
            ],
            "radius" : 600
        }
    ],
    "conduite": [
        [43.452670, 5.461630],
        [43.449635, 5.462530],
        [43.446723, 5.465227],
        [43.443921, 5.465367],
        [43.440533, 5.465891],
        [43.439280, 5.472242],
        [43.436354, 5.479710],
        [43.436723, 5.485867],
        [43.442060, 5.487197],
        [43.445801, 5.488634],
        [43.452543, 5.490889],
        [43.451881, 5.495628],
        [43.449297, 5.509073],
        [43.448354, 5.511572],
        [43.445669, 5.520568],
        [43.446031, 5.522867],
        [43.444290, 5.524966],
        [43.439137, 5.529564],
        [43.432822, 5.530064],
        [43.428031, 5.532863],
        [43.426434, 5.541559],
        [43.420917, 5.543358],
        [43.412204, 5.548056],
        [43.408719, 5.551454],
        [43.402183, 5.560950],
        [43.392935, 5.586447],
        [43.389433, 5.595639],
        [43.389864, 5.599123],
        [43.388464, 5.600754],
        [43.380414, 5.603841],
        [43.368328, 5.609074],
        [43.351273, 5.604115],
        [43.320342, 5.594178],
        [43.306553, 5.591880],
        [43.292428, 5.587548],
        [43.280325, 5.585106],
        [43.273082, 5.588722],
        [43.264631, 5.584562],
        [43.251251, 5.56546],
        [43.237091, 5.544102],
        [43.230320, 5.536881],
        [43.227198, 5.538264],
        [43.226190, 5.534808],
        [43.223729, 5.52738],
        [43.210526, 5.51583],
        [43.207285, 5.51348],
        [43.205786, 5.51314],
        [43.201656, 5.51435],
        [43.192163, 5.51527]
    ]
}